{"metadata":{"asset_id":"89eaeba6-a8e1-4b7b-bebb-5a39e5d941b8","asset_attributes":["data_asset"],"name":"18-1 - Riesgo Crediticio - Historico.csv","asset_type":"data_asset","created_at":"2022-04-19T15:24:28Z","origin_country":"us","owner_id":"IBMid-666000W4RF","project_id":"b2998b22-aa65-4ef8-9af1-02a03204c3e2","size":857081,"usage":{"last_update_time":1650381868283,"last_updated_at":"2022-04-19T15:24:28Z"}},"entity":{"data_asset":{"mime_type":"text/csv","dataset":false},"location_definition":{"physical_location_code_assignment_method":"INFERRED","physical_location_code":"DAL","physical_location_code_assigned_by":"IBMid-666000W4RF","physical_location_code_added_on":"1650381831958","physical_location_code_rds_version":"test_version_noop","physical_location_code_rds_id":"c57cb90f-2126-3800-9c9f-9eab82021cdf"}},"attachments":[{"id":"cc5497a8-f2aa-41d6-96e5-b51ca7dbfea9","version":2,"asset_type":"data_asset","name":"18-1 - Riesgo Crediticio - Historico.csv","mime":"text/csv","datasource_type":"193a97c1-4475-4a19-b90c-295c4fdc6517","object_key":"18-1 - Riesgo Crediticio - Historico.csv","creator_id":"IBMid-666000W4RF","create_time":1650381868882,"size":857081,"is_remote":false,"is_managed":false,"is_referenced":true,"is_object_key_read_only":true,"is_user_provided_path_key":true,"transfer_complete":true,"is_partitioned":false,"complete_time_ticks":1650381868882,"user_data":{},"test_doc":0,"handle":{"bucket":"riesgocrediticiosel-donotdelete-pr-uxzvetk67w185w","location":"us-geo","key":"18-1 - Riesgo Crediticio - Historico.csv","upload_id":"done","max_part_num":1},"usage":{"access_count":0,"last_accessor_id":"IBMid-666000W4RF","last_access_time":1650381868882}}]}
