{"metadata":{"asset_id":"2d50b5aa-4d33-4aa9-b310-d5518a68c36a","asset_attributes":["data_asset"],"name":"25 - 1 - Riesgo Crediticio - Prediccion.csv","asset_type":"data_asset","created_at":"2022-04-19T15:35:15Z","origin_country":"us","owner_id":"IBMid-666000W4RF","project_id":"b2998b22-aa65-4ef8-9af1-02a03204c3e2","size":23493,"usage":{"last_update_time":1650382693406,"last_updated_at":"2022-04-19T15:38:13Z"}},"entity":{"data_asset":{"mime_type":"text/csv","dataset":false,"schema":{"etag":"\"fe2d3a7220c50bfefeef09d35b6e2488-1\"","valid_since":"Tue, 19 Apr 2022 15:35:13 GMT","fields":[{"name":"CustomerID","type":"string","format":"uuid"},{"name":"CheckingStatus","type":"string","format":"default"},{"name":"LoanDuration","type":"integer","format":"default"},{"name":"CreditHistory","type":"string","format":"default"},{"name":"LoanPurpose","type":"string","format":"default"},{"name":"LoanAmount","type":"integer","format":"default"},{"name":"ExistingSavings","type":"string","format":"default"},{"name":"EmploymentDuration","type":"string","format":"default"},{"name":"InstallmentPercent","type":"integer","format":"default"},{"name":"Sex","type":"string","format":"default"},{"name":"OthersOnLoan","type":"string","format":"default"},{"name":"CurrentResidenceDuration","type":"string","format":"default"},{"name":"OwnsProperty","type":"string","format":"default"},{"name":"Age","type":"string","format":"default"},{"name":"InstallmentPlans","type":"string","format":"default"},{"name":"Housing","type":"string","format":"default"},{"name":"ExistingCreditsCount","type":"integer","format":"default"},{"name":"Job","type":"string","format":"default"},{"name":"Dependents","type":"integer","format":"default"},{"name":"Telephone","type":"string","format":"default"},{"name":"ForeignWorker","type":"string","format":"default"},{"name":"$R-Risk","type":"string","format":"default"},{"name":"$RC-Risk","type":"number","format":"default"}]}},"location_definition":{"physical_location_code":"DAL","physical_location_code_assigned_by":"IBMid-666000W4RF","physical_location_code_rds_id":"c57cb90f-2126-3800-9c9f-9eab82021cdf","physical_location_code_rds_version":"test_version_noop","physical_location_code_assignment_method":"INFERRED","physical_location_code_added_on":"1650381831958"}},"attachments":[{"id":"da34a024-f4fc-44bf-896d-c9c39f4bfe34","version":2,"asset_type":"data_asset","name":"25 - 1 - Riesgo Crediticio - Prediccion.csv","mime":"text/csv","datasource_type":"193a97c1-4475-4a19-b90c-295c4fdc6517","object_key":"25 - 1 - Riesgo Crediticio - Prediccion.csv","creator_id":"IBMid-666000W4RF","create_time":1650382515844,"size":23493,"is_remote":false,"is_managed":false,"is_referenced":true,"is_object_key_read_only":false,"is_user_provided_path_key":true,"transfer_complete":true,"is_partitioned":false,"complete_time_ticks":1650382515844,"user_data":{},"test_doc":0,"handle":{"bucket":"riesgocrediticiosel-donotdelete-pr-uxzvetk67w185w","location":"us-geo","key":"25 - 1 - Riesgo Crediticio - Prediccion.csv","upload_id":"done","max_part_num":1},"usage":{"access_count":1,"last_accessor_id":"IBMid-666000W4RF","last_access_time":1650382561116,"last_updater_id":"IBMid-666000W4RF","last_update_time":1650382561116}}]}
